INSERT INTO BRANCH VALUES (1, 2, 'Georgia');

INSERT INTO BRANCH VALUES (2, 3, 'Pavo');

INSERT INTO BRANCH VALUES (3, 4, 'Laguna');

INSERT INTO BRANCH VALUES (4, 1, 'Florence');

INSERT INTO BRANCH VALUES (5, 5, 'Biloxi');

INSERT INTO BRANCH VALUES (6, 7, 'Franklin');

INSERT INTO BRANCH VALUES (7, 9, 'Texas');

INSERT INTO BRANCH VALUES (8, 6, 'Muskogee');

INSERT INTO BRANCH VALUES (9, 8, 'Gastonia');

INSERT INTO BRANCH VALUES (10, 10, 'Biloxi');



INSERT INTO CLASS VALUES (1, 'Zumba', 1, 15);

INSERT INTO CLASS VALUES (2, 'Abs_Fab', 2, 20);

INSERT INTO CLASS VALUES (3, 'Move_it_Shake_it_Lift_it', 3, 25);

INSERT INTO CLASS VALUES (4, 'Werk_it', 4, 15);

INSERT INTO CLASS VALUES (5, 'Power_up', 1, 15);

INSERT INTO CLASS VALUES (6, 'Stop_Drop_Flow ', 7, 20);

INSERT INTO CLASS VALUES (7, 'Burpees&Booties', 5, 25);

INSERT INTO CLASS VALUES (8, 'Just_peachy', 6, 10);

INSERT INTO CLASS VALUES (9, 'Cardio', 9, 15);

INSERT INTO CLASS VALUES (10, 'Sparkle+Sweat', 2, 20);



INSERT INTO EQUIPMENT VALUES (1, 1, 1, 'Working', 'Row Machine');

INSERT INTO EQUIPMENT VALUES (2, 2, 1, 'Working', 'Barbell Bench');

INSERT INTO EQUIPMENT VALUES (3, 3, 0, 'Working', 'Row Machine');

INSERT INTO EQUIPMENT VALUES (4, 4, 1, 'Working', 'Dumbell Rack');

INSERT INTO EQUIPMENT VALUES (5, 5, 1, 'Working', 'Barbell Bench');

INSERT INTO EQUIPMENT VALUES (6, 6, 1, 'Working', 'Row Machine');

INSERT INTO EQUIPMENT VALUES (7, 7, 0, 'In Repair', 'Barbell Bench');

INSERT INTO EQUIPMENT VALUES (8, 8, 0, 'Working', 'Dumbell Rack');

INSERT INTO EQUIPMENT VALUES (9, 9, 1, 'Working', 'Row Machine');

INSERT INTO EQUIPMENT VALUES (0, 10, 1, 'Working', 'Smith Machine');

INSERT INTO EQUIPMENT VALUES (10, 1, 1, 'Working', 'Dumbell Rack');

INSERT INTO EQUIPMENT VALUES (11, 2, 1, 'Working', 'Row Machine');

INSERT INTO EQUIPMENT VALUES (12, 3, 1, 'Working', 'Barbell Bench');

INSERT INTO EQUIPMENT VALUES (13, 4, 0, 'In Repair', 'Dumbell Rack');

INSERT INTO EQUIPMENT VALUES (14, 5, 1, 'Working', 'Row Machine');

INSERT INTO EQUIPMENT VALUES (15, 6, 1, 'Working', 'Smith Machine');

INSERT INTO EQUIPMENT VALUES (16, 7, 1, 'Working', 'Barbell Bench');

INSERT INTO EQUIPMENT VALUES (17, 8, 0, 'Working', 'Row Machine');

INSERT INTO EQUIPMENT VALUES (18, 9, 0, 'In Repair', 'Smith Machine');

INSERT INTO EQUIPMENT VALUES (19, 10, 1, 'Working', 'Smith Machine');

INSERT INTO EQUIPMENT VALUES (20, 1, 1, 'Working', 'Row Machine');

INSERT INTO EQUIPMENT VALUES (21, 2, 1, 'Working', 'Barbell Bench');

INSERT INTO EQUIPMENT VALUES (22, 3, 1, 'Working', 'Smith Machine');

INSERT INTO EQUIPMENT VALUES (23, 4, 1, 'Working', 'Row Machine');

INSERT INTO EQUIPMENT VALUES (24, 5, 0, 'Working', 'Smith Machine');

INSERT INTO EQUIPMENT VALUES (26, 6, 0, 'Working', 'Row Machine');

INSERT INTO EQUIPMENT VALUES (25, 7, 1, 'Working', 'Dumbell Rack');

INSERT INTO EQUIPMENT VALUES (27, 8, 1, 'Working', 'Barbell Bench');

INSERT INTO EQUIPMENT VALUES (28, 9, 0, 'In Repair', 'Dumbell Rack');

INSERT INTO EQUIPMENT VALUES (29, 10, 1, 'Working', 'Smith Machine');

INSERT INTO EQUIPMENT VALUES (30, 1, 0, 'In Repair', 'Barbell Bench');

INSERT INTO EQUIPMENT VALUES (32, 2, 1, 'Working', 'Dumbell Rack');

INSERT INTO EQUIPMENT VALUES (31, 3, 1, 'Working', 'Barbell Bench');

INSERT INTO EQUIPMENT VALUES (33, 4, 1, 'Working', 'Dumbell Rack');

INSERT INTO EQUIPMENT VALUES (34, 5, 1, 'Working', 'Smith Machine');

INSERT INTO EQUIPMENT VALUES (35, 6, 1, 'Working', 'Barbell Bench');

INSERT INTO EQUIPMENT VALUES (36, 7, 1, 'Working', 'Dumbell Rack');

INSERT INTO EQUIPMENT VALUES (37, 8, 1, 'Working', 'Smith Machine');

INSERT INTO EQUIPMENT VALUES (38, 9, 1, 'Working', 'Dumbell Rack');

INSERT INTO EQUIPMENT VALUES (39, 10, 0, 'Working', 'Smith Machine');

INSERT INTO EQUIPMENT VALUES (40, 2, 1, 'Working', 'Dumbell Rack');



INSERT INTO FEE VALUES (1, 1, 15, TO_DATE('07-JUL-2032', 'DD-MON-YYYY'), 0);

INSERT INTO FEE VALUES (2, 1, 20, TO_DATE('07-JUN-2032', 'DD-MON-YYYY'), 1);

INSERT INTO FEE VALUES (3, 0, 10, TO_DATE('07-JAN-2032', 'DD-MON-YYYY'), 0);

INSERT INTO FEE VALUES (4, 1, 10, TO_DATE('07-MAR-2032', 'DD-MON-YYYY'), 1);

INSERT INTO FEE VALUES (5, 0, 10, TO_DATE('07-APR-2032', 'DD-MON-YYYY'), 1);

INSERT INTO FEE VALUES (6, 1, 15, TO_DATE('07-MAR-2032', 'DD-MON-YYYY'), 0);

INSERT INTO FEE VALUES (7, 1, 15, TO_DATE('07-JAN-2032', 'DD-MON-YYYY'), 1);

INSERT INTO FEE VALUES (8, 0, 20, TO_DATE('07-AUG-2032', 'DD-MON-YYYY'), 1);

INSERT INTO FEE VALUES (9, 0, 15, TO_DATE('07-SEP-2032', 'DD-MON-YYYY'), 0);

INSERT INTO FEE VALUES (10, 1, 20, TO_DATE('07-OCT-2032', 'DD-MON-YYYY'), 0);

INSERT INTO FEE VALUES (11, 0, 20, TO_DATE('07-OCT-2032', 'DD-MON-YYYY'), 1);

INSERT INTO FEE VALUES (12, 1, 20, TO_DATE('07-JAN-2032', 'DD-MON-YYYY'), 0);

INSERT INTO FEE VALUES (13, 0, 20, TO_DATE('07-FEB-2032', 'DD-MON-YYYY'), 1);

INSERT INTO FEE VALUES (14, 1, 20, TO_DATE('07-MAR-2032', 'DD-MON-YYYY'), 0);

INSERT INTO FEE VALUES (15, 1, 20, TO_DATE('07-APR-2032', 'DD-MON-YYYY'), 2);

INSERT INTO FEE VALUES (16, 0, 20, TO_DATE('07-MAY-2032', 'DD-MON-YYYY'), 0);

INSERT INTO FEE VALUES (17, 1, 20, TO_DATE('07-JUN-2032', 'DD-MON-YYYY'), 1);

INSERT INTO FEE VALUES (18, 0, 20, TO_DATE('07-JUL-2032', 'DD-MON-YYYY'), 0);

INSERT INTO FEE VALUES (19, 1, 20, TO_DATE('07-AUG-2032', 'DD-MON-YYYY'), 2);

INSERT INTO FEE VALUES (20, 0, 20, TO_DATE('07-SEP-2032', 'DD-MON-YYYY'), 0);



INSERT INTO MEMBER VALUES ('Marry_W93', 'F', TO_DATE('05-JUL-1995', 'DD-MON-YYYY'), 'Marry', 'Walt', 'DVbgUK64', 1, 79414211, 78242891);

INSERT INTO MEMBER VALUES ('Adriana_E03', 'F', TO_DATE('04-APR-2005', 'DD-MON-YYYY'), 'Adriana', 'Edison',  'J3bw3nq5', 2, 03268761,81191091);

INSERT INTO MEMBER VALUES ('Marlon_O99', 'M', TO_DATE('25-JUN-1998', 'DD-MON-YYYY'), 'Marlon', 'Osborn',  '7YzzMDWq', 3, 70149362, 76242661);

INSERT INTO MEMBER VALUES ('Tara_S87', 'F', TO_DATE('15-MAY-2010', 'DD-MON-YYYY'), 'Tara', 'Shukriya',  'XmH2AgR8', 4, 81897856, 03755762);

INSERT INTO MEMBER VALUES ('Chad_R04', 'M',TO_DATE('15-MAR-2003', 'DD-MON-YYYY'), 'Chad', 'Rod',  'DUCvQvNZ', 5, 78788146, 81104356);

INSERT INTO MEMBER VALUES ('Zaher_W99', 'M', TO_DATE('15-JUL-2009', 'DD-MON-YYYY'), 'Zaher', 'Wafi',  'h3vfVmqA', 6, 71001744, 70602623);

INSERT INTO MEMBER VALUES ('Patrice_L00', 'F', TO_DATE('25-AUG-2000', 'DD-MON-YYYY'), 'Patrice', 'Lecia', 'NM7ZAvpG', 7, 03326053, 78309786);

INSERT INTO MEMBER VALUES ('Lara_B01', 'F',TO_DATE('01-NOV-2001', 'DD-MON-YYYY'), 'Lara' ,'Bell', 'LbS2rAa2', 8, 78948707, 81627473);

INSERT INTO MEMBER VALUES ('Ronn_C04', 'M', TO_DATE('05-DEC-2008', 'DD-MON-YYYY'), 'Ronn', 'Carey', 'WknCYe8h', 9, 81808283, 03008208);

INSERT INTO MEMBER VALUES ('Chris_P95', 'M',TO_DATE('05-OCT-2015', 'DD-MON-YYYY'), 'Chris' , 'Payton', 'PR3GkzIj', 10, 70948979, 76816332);

INSERT INTO MEMBER VALUES ('Jalal_Z13', 'M',TO_DATE('13-JUL-2003', 'DD-MON-YYYY'), 'Jalal' ,'El-Zein', 'KsPSpqE', 7, 03654371, 78164777);

INSERT INTO MEMBER VALUES ('Lama_S19', 'F',TO_DATE('01-APR-2003', 'DD-MON-YYYY'), 'Lama' ,'AL-Sheikh', 'sDfgAoiGh', 8, 78872569, 71531928);

INSERT INTO MEMBER VALUES ('Mohammad_S45', 'M',TO_DATE('10-JUN-2020', 'DD-MON-YYYY'), 'Chris' ,'Payton', 'PR3GkzIj', 4, 76923204, 03825406);




INSERT INTO MEMBERSHIP VALUES (1, 'Gold', TO_DATE('10-JUN-2029', 'DD-MON-YYYY'), TO_DATE('10-JUL-2032', 'DD-MON-YYYY'), 4, 20, 'Adriana_E03');

INSERT INTO MEMBERSHIP VALUES (2, 'Silver', TO_DATE('15-JAN-2032', 'DD-MON-YYYY'), TO_DATE('10-FEB-2032', 'DD-MON-YYYY'), 2, 15, 'Mohammad_S45');

INSERT INTO MEMBERSHIP VALUES (3, 'Gold', TO_DATE('17-NOV-2028', 'DD-MON-YYYY'), TO_DATE('10-DEC-2032', 'DD-MON-YYYY'), 5, 20, 'Marry_W93');

INSERT INTO MEMBERSHIP VALUES (4, 'Silver', TO_DATE('21-JUN-2030', 'DD-MON-YYYY'), TO_DATE('10-JUN-2032', 'DD-MON-YYYY'), 1, 15, 'Lara_B01');

INSERT INTO MEMBERSHIP VALUES (5, 'Bronze', TO_DATE('23-OCT-2031', 'DD-MON-YYYY'), TO_DATE('10-NOV-2032', 'DD-MON-YYYY'), 2, 10, 'Ronn_C04');

INSERT INTO MEMBERSHIP VALUES (6, 'Silver', TO_DATE('22-MAR-2029', 'DD-MON-YYYY'), TO_DATE('10-APR-2032', 'DD-MON-YYYY'), 2, 15, 'Zaher_W99');

INSERT INTO MEMBERSHIP VALUES (7, 'Silver', TO_DATE('04-APR-2032', 'DD-MON-YYYY'), TO_DATE('10-MAY-2032', 'DD-MON-YYYY'), 2, 15, 'Chris_P95');

INSERT INTO MEMBERSHIP VALUES (8, 'Gold', TO_DATE('09-FEB-2027', 'DD-MON-YYYY'), TO_DATE('10-MAR-2032', 'DD-MON-YYYY'), 3, 20, 'Chad_R04');

INSERT INTO MEMBERSHIP VALUES (9, 'Silver', TO_DATE('10-APR-2032', 'DD-MON-YYYY'), TO_DATE('10-MAY-2032', 'DD-MON-YYYY'), 2, 15, 'Lara_B01');

INSERT INTO MEMBERSHIP VALUES (10, 'Gold', TO_DATE('07-SEP-2026', 'DD-MON-YYYY'), TO_DATE('10-OCT-2032', 'DD-MON-YYYY'), 5, 20, 'Marlon_O99');

INSERT INTO MEMBERSHIP VALUES (11, 'Bronze', TO_DATE('07-AUG-2028', 'DD-MON-YYYY'), TO_DATE('10-SEP-2032', 'DD-MON-YYYY'), 3, 10, 'Tara_S87');

INSERT INTO MEMBERSHIP VALUES (12, 'Gold', TO_DATE('28-MAY-2029', 'DD-MON-YYYY'), TO_DATE('10-JUN-2032', 'DD-MON-YYYY'), 4, 20, 'Lama_S19');

INSERT INTO MEMBERSHIP VALUES (13, 'Gold', TO_DATE('31-JAN-2029', 'DD-MON-YYYY'), TO_DATE('10-FEB-2032', 'DD-MON-YYYY'), 2, 20, 'Jalal_Z13');

INSERT INTO MEMBERSHIP VALUES (14, 'Bronze', TO_DATE('29-AUG-2030', 'DD-MON-YYYY'), TO_DATE('28-SEP-2032', 'DD-MON-YYYY'), 1, 20, 'Patrice_L00');



INSERT INTO SCHEDULE VALUES (15,(to_date('9:15:00','HH24:MI:SS')), (to_date('10:15:00','HH24:MI:SS')));

INSERT INTO SCHEDULE VALUES (7,(to_date('13:25:00','HH24:MI:SS')), (to_date('14:25:00','HH24:MI:SS')));

INSERT INTO SCHEDULE VALUES (99,(to_date('15:00:00','HH24:MI:SS')), (to_date('16:00:00','HH24:MI:SS')));

INSERT INTO SCHEDULE VALUES (8,(to_date('16:05:00','HH24:MI:SS')), (to_date('17:05:00','HH24:MI:SS')));

INSERT INTO SCHEDULE VALUES (45,(to_date('18:00:00','HH24:MI:SS')), (to_date('19:00:00','HH24:MI:SS')));

INSERT INTO SCHEDULE VALUES (13,(to_date('17:25:00','HH24:MI:SS')), (to_date('18:25:00','HH24:MI:SS')));

INSERT INTO SCHEDULE VALUES (157,(to_date('8:30:00','HH24:MI:SS')), (to_date('9:30:00','HH24:MI:SS')));

INSERT INTO SCHEDULE VALUES (78,(to_date('7:00:00','HH24:MI:SS')), (to_date('8:00:00','HH24:MI:SS')));

INSERT INTO SCHEDULE VALUES (76,(to_date('8:35:00','HH24:MI:SS')), (to_date('9:00:00','HH24:MI:SS')));

INSERT INTO SCHEDULE VALUES (79,(to_date('11:00:00','HH24:MI:SS')), (to_date('12:00:00','HH24:MI:SS')));





INSERT INTO SELLABLE VALUES (200, 120, 12, 13.00);

INSERT INTO SELLABLE VALUES (201, 456, 23, 15.00);

INSERT INTO SELLABLE VALUES (202, 213, 42, 45.50);

INSERT INTO SELLABLE VALUES (203, 324, 36, 23.25);

INSERT INTO SELLABLE VALUES (204, 565, 22, 46.53);

INSERT INTO SELLABLE VALUES (205, 345, 26, 3.75);

INSERT INTO SELLABLE VALUES (206, 342, 6, 25.50);

INSERT INTO SELLABLE VALUES (207, 45, 49, 13.99);

INSERT INTO SELLABLE VALUES (208, 234, 95, 114.99);

INSERT INTO SELLABLE VALUES (209, 345, 64, 44.99);



INSERT INTO SHOP VALUES (1, 203);

INSERT INTO SHOP VALUES (2, 204);

INSERT INTO SHOP VALUES (3, 205);

INSERT INTO SHOP VALUES (4, 206);

INSERT INTO SHOP VALUES (5, 203);

INSERT INTO SHOP VALUES (7, 207);

INSERT INTO SHOP VALUES (6, 206);

INSERT INTO SHOP VALUES (8, 204);

INSERT INTO SHOP VALUES (9, 206);

INSERT INTO SHOP VALUES (0, 202);



INSERT INTO AVAILABLE_IN VALUES (0, 202);

INSERT INTO AVAILABLE_IN VALUES (0, 205);

INSERT INTO AVAILABLE_IN VALUES (0, 206);

INSERT INTO AVAILABLE_IN VALUES (1, 203);

INSERT INTO AVAILABLE_IN VALUES (1, 201);

INSERT INTO AVAILABLE_IN VALUES (1, 202);

INSERT INTO AVAILABLE_IN VALUES (2, 204);

INSERT INTO AVAILABLE_IN VALUES (2, 205);

INSERT INTO AVAILABLE_IN VALUES (2, 200);

INSERT INTO AVAILABLE_IN VALUES (3, 205);

INSERT INTO AVAILABLE_IN VALUES (3, 203);

INSERT INTO AVAILABLE_IN VALUES (3, 209);

INSERT INTO AVAILABLE_IN VALUES (3, 207);

INSERT INTO AVAILABLE_IN VALUES (4, 205);

INSERT INTO AVAILABLE_IN VALUES (4, 200);

INSERT INTO AVAILABLE_IN VALUES (4, 206);

INSERT INTO AVAILABLE_IN VALUES (5, 203);

INSERT INTO AVAILABLE_IN VALUES (5, 207);

INSERT INTO AVAILABLE_IN VALUES (5, 201);

INSERT INTO AVAILABLE_IN VALUES (6, 206);

INSERT INTO AVAILABLE_IN VALUES (6, 208);

INSERT INTO AVAILABLE_IN VALUES (6, 209);

INSERT INTO AVAILABLE_IN VALUES (7, 205);

INSERT INTO AVAILABLE_IN VALUES (7, 204);

INSERT INTO AVAILABLE_IN VALUES (7, 207);

INSERT INTO AVAILABLE_IN VALUES (8, 204);

INSERT INTO AVAILABLE_IN VALUES (8, 203);

INSERT INTO AVAILABLE_IN VALUES (8, 202);

INSERT INTO AVAILABLE_IN VALUES (9, 206);

INSERT INTO AVAILABLE_IN VALUES (9, 208);

INSERT INTO AVAILABLE_IN VALUES (9, 200);



INSERT INTO BODY_COMPOSITION VALUES (TO_DATE('19-NOV-2032', 'DD-MON-YYYY'), 60, 163, 21, 26, 'Chad_R04');

INSERT INTO BODY_COMPOSITION VALUES (TO_DATE('13-JUL-2032', 'DD-MON-YYYY'), 61, 177, 14, 40, 'Adriana_E03');

INSERT INTO BODY_COMPOSITION VALUES (TO_DATE('01-APR-2032', 'DD-MON-YYYY'), 53, 155, 36, 25, 'Patrice_L00');

INSERT INTO BODY_COMPOSITION VALUES (TO_DATE('05-JUL-2032', 'DD-MON-YYYY'), 74, 183, 13, 35, 'Chris_P95');

INSERT INTO BODY_COMPOSITION VALUES (TO_DATE('05-AUG-2032', 'DD-MON-YYYY'), 82, 185, 23, 41, 'Ronn_C04');

INSERT INTO BODY_COMPOSITION VALUES (TO_DATE('14-NOV-2032', 'DD-MON-YYYY'), 77, 180, 24, 39, 'Tara_S87');

INSERT INTO BODY_COMPOSITION VALUES (TO_DATE('19-MAR-2032', 'DD-MON-YYYY'), 58, 159, 27, 24, 'Jalal_Z13');

INSERT INTO BODY_COMPOSITION VALUES (TO_DATE('18-SEP-2032', 'DD-MON-YYYY'), 65, 172, 20, 35, 'Patrice_L00');

INSERT INTO BODY_COMPOSITION VALUES	(TO_DATE('11-DEC-2032', 'DD-MON-YYYY'), 71, 181, 25, 38, 'Tara_S87');

INSERT INTO BODY_COMPOSITION VALUES (TO_DATE('14-MAY-2032', 'DD-MON-YYYY'), 94, 175, 32, 33, 'Marry_W93');




INSERT INTO	BRANCH_PHONE VALUES	(1, 71816330);

INSERT INTO	BRANCH_PHONE VALUES	(2, 71816331);

INSERT INTO	BRANCH_PHONE VALUES	(3, 71816332);

INSERT INTO	BRANCH_PHONE VALUES	(4, 71816333);

INSERT INTO	BRANCH_PHONE VALUES	(5, 71816334);

INSERT INTO	BRANCH_PHONE VALUES	(6, 71816335);

INSERT INTO	BRANCH_PHONE VALUES	(7, 71816336);

INSERT INTO	BRANCH_PHONE VALUES (8, 71816337);

INSERT INTO	BRANCH_PHONE VALUES	(9, 71816338);

INSERT INTO	BRANCH_PHONE VALUES (10, 71847459);

INSERT INTO	BRANCH_PHONE VALUES (10, 71816679);

INSERT INTO	BRANCH_PHONE VALUES (1, 71676339);

INSERT INTO	BRANCH_PHONE VALUES (8, 71884764);



INSERT INTO EMPLOYEE VALUES (1, 'male', 22, 3000, 'Ahmad', 'Pablo', 'Hamra', 1, 'Sunday', 1, NULL, 3);

INSERT INTO EMPLOYEE VALUES (2, 'male', 40, 4000, 'Kareem', 'Salim', 'Salim Salam', 2, 'Tuesday', 1, 1, 1);

INSERT INTO EMPLOYEE VALUES (3, 'female', 20, 1000, 'Rihanna', 'Swith', 'Beqaa', 3, 'Wednesday', 5, 1, 4);

INSERT INTO EMPLOYEE VALUES (4, 'male', 30, 5000, 'Karim', 'Halim', 'Dubai', 4, 'Tuesday', 1, 2, 2);

INSERT INTO EMPLOYEE VALUES (5, 'female', 19, 5000, 'Katrexa', 'Venrexa', 'Abu Dhabi', 5, 'Thursday', 7, 2, 7);

INSERT INTO EMPLOYEE VALUES (6, 'female', 29, 7000, 'Emily', 'Roy', 'Verdun', 6, 'Friday', 5, 3, 5);

INSERT INTO EMPLOYEE VALUES (7, 'male', 39, 8000, 'Samuel', 'Smith', 'Canada', 7, 'Saturday', 2, 3, 6);

INSERT INTO EMPLOYEE VALUES (8, 'female', 25, 9000, 'Kamela', 'Bayden', 'Kiel', 8, 'Monday', 9, 4, 8);

INSERT INTO EMPLOYEE VALUES (9, 'male', 47, 10000, 'George', 'Bazzi', 'Berlin', 9, 'Wednesday', 10, 4, 9);

INSERT INTO EMPLOYEE VALUES (10, 'female', 18, 400, 'Emily', 'Roy', 'Baalbek', 10, 'Saturday', 4, 5, 10);



INSERT INTO	EMPLOYEE_SHIFT VALUES (2,'day' );

INSERT INTO	EMPLOYEE_SHIFT VALUES (7, 'night');

INSERT INTO	EMPLOYEE_SHIFT VALUES (10, 'day');

INSERT INTO	EMPLOYEE_SHIFT VALUES (1, 'night');

INSERT INTO	EMPLOYEE_SHIFT VALUES (9, 'night');

INSERT INTO	EMPLOYEE_SHIFT VALUES (7, 'day');

INSERT INTO	EMPLOYEE_SHIFT VALUES (8, 'night');

INSERT INTO	EMPLOYEE_SHIFT VALUES (5, 'night');

INSERT INTO	EMPLOYEE_SHIFT VALUES (4, 'day');

INSERT INTO	EMPLOYEE_SHIFT VALUES (8, 'day');

INSERT INTO	EMPLOYEE_SHIFT VALUES (5, 'day');

INSERT INTO	EMPLOYEE_SHIFT VALUES (3, 'night');

INSERT INTO	EMPLOYEE_SHIFT VALUES (6, 'day');



INSERT INTO EMPLOYEE_PHONE VALUES (2, 81808283);

INSERT INTO EMPLOYEE_PHONE VALUES (4, 03008208);

INSERT INTO EMPLOYEE_PHONE VALUES (6, 03454706);

INSERT INTO EMPLOYEE_PHONE VALUES (8, 71128369);

INSERT INTO EMPLOYEE_PHONE VALUES (10, 76423504);

INSERT INTO EMPLOYEE_PHONE VALUES (9, 70865276);

INSERT INTO EMPLOYEE_PHONE VALUES (7, 03090427);

INSERT INTO EMPLOYEE_PHONE VALUES (5, 70755442);

INSERT INTO EMPLOYEE_PHONE VALUES (1, 03140641);

INSERT INTO EMPLOYEE_PHONE VALUES (3, 76677184);

INSERT INTO EMPLOYEE_PHONE VALUES (3, 78453245);

INSERT INTO EMPLOYEE_PHONE VALUES (8, 79164777);

INSERT INTO EMPLOYEE_PHONE VALUES (4, 03654371);

INSERT INTO EMPLOYEE_PHONE VALUES (1, 03783054);



INSERT INTO FOLLOWS VALUES (1, 76);

INSERT INTO FOLLOWS VALUES (2, 13);

INSERT INTO FOLLOWS VALUES (3, 157);

INSERT INTO FOLLOWS VALUES (4, 99);

INSERT INTO FOLLOWS VALUES (5, 7);

INSERT INTO FOLLOWS VALUES (7, 7);

INSERT INTO FOLLOWS VALUES (6, 7);

INSERT INTO FOLLOWS VALUES (9, 45);

INSERT INTO FOLLOWS VALUES (8, 78);

INSERT INTO FOLLOWS VALUES (10, 7);



INSERT INTO PAYS VALUES ('Marlon_O99', 1);

INSERT INTO PAYS VALUES ('Tara_S87', 2);

INSERT INTO PAYS VALUES ('Chad_R04', 4);

INSERT INTO PAYS VALUES ('Marry_W93', 6);

INSERT INTO PAYS VALUES ('Patrice_L00', 7);

INSERT INTO PAYS VALUES ('Zaher_W99', 10);

INSERT INTO PAYS VALUES ('Chris_P95', 13);

INSERT INTO PAYS VALUES ('Tara_S87', 11);

INSERT INTO PAYS VALUES ('Marlon_O99', 15);

INSERT INTO PAYS VALUES ('Chris_P95', 16);

INSERT INTO PAYS VALUES ('Chad_R04', 17);

INSERT INTO PAYS VALUES ('Chad_R04', 19);



INSERT INTO TAKES_PLACE_IN VALUES (1, 3);

INSERT INTO TAKES_PLACE_IN VALUES (2, 2);

INSERT INTO TAKES_PLACE_IN VALUES (3, 1);

INSERT INTO TAKES_PLACE_IN VALUES (4, 9);

INSERT INTO TAKES_PLACE_IN VALUES (5, 8);

INSERT INTO TAKES_PLACE_IN VALUES (6, 7);

INSERT INTO TAKES_PLACE_IN VALUES (7, 6);

INSERT INTO TAKES_PLACE_IN VALUES (8, 4);

INSERT INTO TAKES_PLACE_IN VALUES (9, 0);

INSERT INTO TAKES_PLACE_IN VALUES (10, 5);



INSERT INTO USES VALUES ('Chad_R04', 3);

INSERT INTO USES VALUES ('Chris_P95', 4);

INSERT INTO USES VALUES ('Marlon_O99', 15);

INSERT INTO USES VALUES ('Patrice_L00', 18);

INSERT INTO USES VALUES ('Lara_B01', 19);

INSERT INTO USES VALUES ('Ronn_C04', 21);

INSERT INTO USES VALUES ('Tara_S87', 20);

INSERT INTO USES VALUES ('Zaher_W99', 40);

INSERT INTO USES VALUES ('Adriana_E03', 38);

INSERT INTO USES VALUES ('Marry_W93', 36);